Data/Hora;Responsável;Adultos Adicionais;WhatsApp;E-mail;Qtd Adultos;Qtd Crianças;Crianças (Nomes e Idades);Qtd Almoços;Almoços Detalhes;Valor Total;Forma de Pagamento;Status;Charge ID Efí
"05/10/2026, 14:19:38";"suzy soares campos";"suzy soares campos";"21995810410";"suzyscampos12@gmail.com";1;0;"";0;"";"R$ 35,00";"Mercado Pago (PIX e Cartão)";"Aguardando pagamento";"160735947-28f79eb2-72c0-4285-9be9-a125fca06425"
"05/10/2026, 14:25:48";"suzy soares campos";"suzy soares campos";"21995810410";"suzyscampos12@gmail.com";1;0;"";0;"";"R$ 35,00";"Mercado Pago (PIX e Cartão)";"Aguardando pagamento";"160735947-b97dd5a8-07a7-4454-aa60-4abec3952f20"
"05/10/2026, 14:31:05";"suzy soares campos";"suzy soares campos";"21995810410";"suzyscampos12@gmail.com";1;0;"";0;"";"R$ 35,00";"Mercado Pago (PIX e Cartão)";"Aguardando pagamento";"160735947-dd38ec3b-6e7b-4991-9eaa-ae07521fdb92"
"05/10/2026, 14:41:36";"suzy soares campos";"suzy soares campos";"21995810410";"suzyscampos12@gmail.com";1;0;"";0;"";"R$ 35,00";"Mercado Pago (PIX e Cartão)";"Aguardando pagamento";"160735947-a6faaccc-eaf7-4170-90ad-f8f7e2892807"
"05/10/2026, 15:17:54";"suzy soares campos";"suzy soares campos";"21995810410";"suzyscampos12@gmail.com";1;0;"";0;"";"R$ 35,00";"Mercado Pago (PIX e Cartão)";"Aguardando pagamento";"160735947-15207870-a948-4700-86e5-ebda8550baad"
"05/10/2026, 16:04:15";"suzy soares campos";"suzy soares campos";"21995810410";"suzyscampos12@gmail.com";1;0;"";0;"";"R$ 35,00";"Mercado Pago (PIX e Cartão)";"Aguardando pagamento";"160735947-d7b1e133-53dd-4a26-9f8c-ba8ca230076a"
"05/10/2026, 16:25:13";"suzy";"";"21995810410";"suzyscampos12@gmail.com";1;0;"";0;"";"R$ 35,00";"Efí Bank (PIX)";"Aguardando pagamento";"1072121477"
"05/10/2026, 16:36:27";"suzy";"";"21995810410";"suzyscampos12@gmail.com";1;0;"";0;"";"R$ 35,00";"Mercado Pago (Cartão)";"Aguardando pagamento";"160735947-e9929555-e196-456d-a539-b7e068cf10d3"
"05/10/2026, 16:44:53";"suzy";"";"21995810410";"suzyscampos12@gmail.com";1;0;"";0;"";"R$ 35,00";"Mercado Pago (Cartão)";"Aguardando pagamento";"160735947-2d1214e3-f728-4bb5-a4c5-023e51d7fb1d"
"05/10/2026, 16:47:25";"suzys campos";"";"21995810142";"suzyscampos12@gmail.com";1;0;"";0;"";"R$ 35,00";"Mercado Pago (Pix)";"Aguardando pagamento";"160735947-dc7be658-6332-4ce4-994d-11ef747ac855"
"05/10/2026, 16:59:54";"suzy";"";"21995810410";"suzyscampos12@gmail.com";1;0;"";0;"";"R$ 35,00";"Mercado Pago (Pix)";"Aguardando pagamento";"160735947-f1702c6f-01e4-41c0-8108-69e4c33a5e0a"
"05/10/2026, 17:09:20";"Teste suzy";"";"21995810410";"suzyscampos12@gmail.com";1;0;"";0;"";"R$ 35,00";"Mercado Pago (Pix)";"Aguardando pagamento";"160735947-d937f827-b7ef-4b49-8f05-23b6906484e3"
"05/10/2026, 17:15:22";"Teste suzy";"";"21995810410";"suzyscampos12@gmail.com";1;0;"";0;"";"R$ 35,00";"Mercado Pago (Pix)";"Aguardando pagamento";"160735947-672e0a49-a119-4171-9253-ce55b353ca60"